"@AlanPaganelli"	1
"@AndubchatA"	1
"@Change_for_Iran"	1
"@Copterkid"	1
"@DetoxTips"	1
"@EMarketingGuru"	1
"@Ecosaveology"	1
"@FeeFe10"	1
"@MSPRETTYPRETTY"	1
"@Marinealways"	1
"@MarkIsMusing"	1
"@MarkLaymon"	1
"@MikeBonomo"	1
"@MyCatCrash"	1
"@Pale_Jewel"	1
"@PodCastRob"	1
"@ROXYTOM"	1
"@TheraWise"	1
"@YungMan2Trill"	1
"@Ze3ky"	4
"@annamunoz"	1
"@boydchan"	1
"@btkennett"	1
"@dirtmind"	1
"@dominicholland"	1
"@engadget"	1
"@eruditechick"	1
"@evilgrins"	1
"@iamdjjahyant"	1
"@iportion"	1
"@jack"	3
"@jamesmoran"	2
"@keepitgreenmaid"	1
"@kristibowers"	1
"@laf9er"	1
"@live_for_films"	1
"@loquaciousmuse"	1
"@lovebuckeyes"	1
"@markhundley"	1
"@meccastarr"	1
"@patrickaltoft"	1
"@pele1950"	1
"@persiankiwiI"	1
"@reevbeej"	1
"@sandieb321"	1
"@skcrew"	1
"@sleeprun"	1
"@therealmaxwell"	1
"@tweetmeme"	1
"@wendew"	1
"@wwds"	4
