2009-06-22 20:48:40	http://twitter.com/glhoffman	RT @wwds What Would Dad Say » Copy and Paste Twitterers: 7 Groups You Need to Follow Today http://tinyurl.com/lu2q83 (via @tweetmeme)
2009-06-19 03:57:38	http://twitter.com/gurnumsbug	I love my SG!!!! http://removed.com/7rvmz
2009-06-30 07:01:17	http://twitter.com/luckychild	@MSPRETTYPRETTY how is da party
2009-06-30 11:43:45	http://twitter.com/luckychild	@boydchan ten days!!
2009-06-21 01:05:45	http://twitter.com/psychicer	【アンダカの怪造学(3) デンジャラス・アイ (角川スニーカー文庫)】夢見る少女と、その少女に夢を与え、自らもその夢を追って夢に裏切られた少年の戦いの話。やはりひとつの物事に対して... http://book.akahos***akuya.com/b/4044810036
2009-06-17 04:42:31	http://twitter.com/emrenae	I'm thinking I'm going to go to bed before midnight so I'll possibly get up before noon. I think it sounds like a genius plan.
2009-06-26 17:16:44	http://twitter.com/thefang	@ROXYTOM 八卦版是有名的亂源啊，別下去摻豁了
2009-06-19 11:44:03	http://twitter.com/dmaceiras	CD novo do Danger Mouse & Sparklehorse! Esse disco conta com a participação de uma geral! http://www.miniurl.com/7307 Aproveitem mandrios!
2009-06-26 11:15:25	http://twitter.com/zyake	Win7HPを予約してしまった・・・orz ちなみに64bit/32bit全部入りらしい。 http://removed.com/YIQxT
2009-06-25 16:38:12	http://twitter.com/31daysblog	D'log :: blogging since 2000 » Blurb brings in PDF-to-book: 1854: BJoP blog · ARC · Art Newspaper: listings .. http://tinyurl.com/mfe9gq
2009-06-26 22:56:22	http://twitter.com/paulo_rodrigues	http://removed.com/8ie2p - Eis uma fotografia de Michael Jackson depois de morto.
2009-06-23 15:23:04	http://twitter.com/sonyericssonca	Good morning! Just wanted to let all you "tweeple" know that we have some BIG (and we mean BIG) news coming out this week! Stay tuned... @wwds
2009-06-13 21:02:09	http://twitter.com/djschoolboy	Gettin this cut then, heading to post bike shop (N1 and Bedford) if u in bk come thru! Free and all ages! http://myloc.me/3I04
2009-06-27 10:16:34	http://twitter.com/sport_nieuws	Durfal Gadea wint 125cc: ASSEN - De Spaanse wegracer Sergio Gadea heeft zaterdag de TT van Assen gewonnen in de .. http://removed.com/cQC7O @wwds
2009-06-27 00:21:23	http://twitter.com/arrayit	microarray variation identification press release http://removed.com/12c698
2009-06-14 18:36:45	http://twitter.com/kindcanine	A Round Up « The LanguagesResources Blog http://removed.com/at4DY
2009-06-23 12:35:59	http://twitter.com/andyheron	@pele1950 thanks dad! @wwds
2009-06-21 14:35:44	http://twitter.com/glennsgifts	Just updated my %40websdotcom site. Check it out! http://glennsgiftshoponline.com
2009-06-14 03:45:15	http://twitter.com/josemanuelr	RT @Change_for_Iran: they are starting their motorbikes now. I can't see where they are going. #iranelection
2009-06-22 13:02:57	http://twitter.com/patspeaks	Bloom where you're planted. RT @MarkIsMusing:You don't live on the Earth you want, you live on the Earth you have. - Jeff Rich
2009-06-20 16:54:40	http://twitter.com/ruudkok	Shared reader item: SEO or SEA (PPC) Landing Page? http://removed.com/1EoKii
2009-06-20 14:55:45	http://twitter.com/brettmccoy	Adweek Launches RealTimeCannes: Adweek has launched a new site, RealTimeCannes.com, to cover the 56th Internatio.. http://tinyurl.com/lqpltg
2009-06-15 03:10:39	http://twitter.com/fernandocolin	Se debe o no anular el voto ... http://union-libertad.blogspot.com/
2009-06-28 02:26:24	http://twitter.com/whitesoxrox45	Lets try this again (for the 3rd time) im restarting with twitter with posts longer than one sentence caus ... http://shortxt.com/924xfzki7
2009-06-19 10:52:53	http://twitter.com/carlosmuniz	caramba frio hoje tava trash na rua... mas to aqui, mais cedo por ossos do ofício. Bom dia flores do dia
2009-06-18 23:58:49	http://twitter.com/anotherside	RT f/Iran cant reply to all our followers but pls be aware all info we provide is 100% accurate-situation here is serious - #Iranelection
2009-06-25 08:25:46	http://twitter.com/dgwbirch	See you all at the European eID conference, I'll be talking about mobile e-identity later on. Why not use your mobile as your ID card?
2009-06-19 14:10:42	http://twitter.com/lauralassiter	RT @Ze3ky #FF @PodCastRob @dirtmind @EMarketingGuru @iportion @Marinealways @TheraWise @reevbeej @keepitgreenmaid @sleeprun via @DetoxTips
2009-06-30 01:34:31	http://twitter.com/kiyali	#wheniwas17 lol at the micro crew http://removed.com/8t9e7
2009-06-19 01:09:05	http://twitter.com/philsieradzan	http://removed.com/7rf7i - IMG00002.jpg
2009-06-14 02:32:14	http://twitter.com/meccastarr	RT @YungMan2Trill: Chillin about 2 get my hair washed thanks 2 my sis @meccastarr she is the best ... Ju'alreadi bro
2009-06-12 16:30:21	http://twitter.com/renantrindade	Rumo ao alfaiate para figurino de @jack 'Piedade'. Vejamos o que sai...
2009-06-27 15:19:14	http://twitter.com/rach17el	bored...reading 'xkcd'
2009-06-21 19:13:35	http://twitter.com/bkkupdate	Mer Luang 2009 Epi.3-[9/9] http://removed.com/47Wcmg
2009-06-21 11:39:13	http://twitter.com/bkkupdate	Dúvida: Será q Silvio Santos vai deixar o Justus cantar no Sbt?? (via @wendew)
2009-06-14 13:37:49	http://twitter.com/djmrillmatic	@FeeFe10 hot shyt...
2009-06-13 09:22:07	http://twitter.com/nudecelebs	Jenilee Harrison: Jenilee Harrison [50] http://tinyurl.com/kshxb6
2009-06-19 15:11:56	http://twitter.com/lmbao	How To Get By In This Economy http://tinyurl.com/mm4hkl
2009-06-26 03:06:21	http://twitter.com/socksgirl1784	Just learning how to tweet!
2009-06-17 18:43:33	http://twitter.com/msmarcella	RT Jet Magazines: http://books.google.com/books?id=Db4DAAAAMBAJ&hl=En&source=gbs_all_issues_r&cad=2_2&atm_aiy=1950#all_issues_anchor
2009-06-16 22:16:08	http://twitter.com/gieger	@MyCatCrash AHHHHHHHHHHHHHHHHHHHHHHHHHHHHHHHHHH!!!!!!!!!!!!!!!!!!!!!!!!!!!!!!!!!!!!!!!
2009-06-25 05:57:10	http://twitter.com/yunheec	정부는 좋겠네...시키지 않아도 알아서 처리해 주는 "해결사"가 있으니... http://tr.im/pGnO
2009-06-13 04:53:59	http://twitter.com/jojof13	going to bed, not feeling so good
2009-06-26 11:44:41	http://twitter.com/punchinelle	RT @jamesmoran @loquaciousmuse Ladies, I present to you the REAL Girl's Guide to Comic Con, by @eruditechick: http://tinyurl.com/nnma4o
2009-06-22 09:25:45	http://twitter.com/madrinapr	RT from Iran: TODAY 4pm - Haft Tir Sq - Meydan 7 Tir - Tehran - candle vigil - sitting on floor - in memory of our martyrs- #Iranelection RT
2009-06-14 15:20:57	http://twitter.com/tweetmktingpro	@Ze3ky Instantly Create Viral Report On The Fly For Free... http://removed.com/FLNJr
2009-06-21 05:01:17	http://twitter.com/docstoclegal	Caylee Anthony autopsy report. Bones: shared by: jarret72 on: Saturday, June 20, 2009Caylee Anthony autopsy repo.. http://tinyurl.com/m9s82l
2009-06-20 12:12:55	http://twitter.com/behzadxerxess	Twitition: Google Earth to update satellite images of Tehran #Iranelection http://twitition.com/csfeo @patrickaltoft
2009-06-21 12:35:16	http://twitter.com/marjoriewaller	Not impressed Bacardi not impressed http://removed.com/Vekx0
2009-06-27 08:52:41	http://twitter.com/_home_security	It also stores video clips in HDD or any optical storage device by using Geovision Backup System. http://tinyurl.com/myaz6t
2009-06-18 12:37:26	http://twitter.com/essendonbombers	RT @dominicholland @engadget http://DOMSnetwork.com gets released tomorrow!!! an entire media network in 86 languages, FREE!
2009-06-30 05:43:19	http://twitter.com/amarquez3596	I just took the "" Are you a TRUE Miley Cyrus Fan?"" quiz and got: You are a HUGE Miley Cyrus Fan!! Try it: http://removed.com/4lmGSR
2009-06-30 00:05:17	http://twitter.com/lauranicolemcc	Blah.Laptop keeps falling asleep. Went 2 Bird's Eye w/ Carley, Grace, Nat, and Joanne. Fun~
2009-06-25 07:24:41	http://twitter.com/ecosaveology	RT @annamunoz: RT @Ecosaveology Eco paints- Benjamin Moore offering "Natura" No VOC lots of colors- www.Benjaminmoore.com for info:)
2009-06-12 15:14:37	http://twitter.com/uncompletedwork	Whoa lots of #followfriday love going around today. I twitter on Fridays! Thanks @Copterkid @MikeBonomo @Pale_Jewel @live_for_films
2009-06-17 22:45:59	http://twitter.com/diapaulic	Kickin' back in the sun, just waiting for the first cConcert on the Square of the season to begin... http://mypict.me/4ctg
2009-06-14 19:46:11	http://twitter.com/dl_triplebeam	movin in slo mo, makin my way to studio to record joint for King of Paper Chasin CD...Sept 8th. Movie premiere Aug. 1 Chelsea Cineplex!!
2009-06-16 17:25:27	http://twitter.com/littlerebeca	@AlanPaganelli MUDOU MEU DIA HUAHAUHAUHAUHA
2009-06-16 05:37:14	http://twitter.com/ltotheg	@AndubchatA Thaaaanks... And I'm 100% positive that the yogurtland helped. :)
2009-06-13 02:03:30	http://twitter.com/marshalus	just started playing Call of Duty: World at War. http://raptr.com/Marshalus
2009-06-25 12:32:59	http://twitter.com/anniegirl85	Getting started a bit early this morning. A couple of deadlines to meet today...it being month-end and all. :) http://ff.im/4pWp6
2009-06-25 17:51:15	http://twitter.com/anniegirl85	is wishing i knew some answers.......
2009-06-13 23:45:07	http://twitter.com/prokrstn8r	@evilgrins...what was in them and what was left behind, not the panties themselves.
2009-06-21 13:25:15	http://twitter.com/myweightcontrol	*** Nutrition Tips For Weight Loss – 3 Strategies that'll Fire up Your ... http://removed.com/xdycB
2009-06-24 18:54:21	http://twitter.com/julie_at_deluxe	RT @btkennett: 15-Min. Biz Booster: Small biz owners are busy, so busy in fact, that I’m going to try to keep this.. http://removed.com/12XMmx
2009-06-19 22:32:58	http://twitter.com/sassyred	@markhundley Aww...you're so sweet. Thanks!!
2009-06-14 11:31:19	http://twitter.com/gnaaaaaaaaaaaar	den abschaum des internets kurz mal besuchen xD
2009-06-15 08:22:21	http://twitter.com/monarey	RT @persiankiwiI am online for few minutes. total communication blackout here. gov panicking. very dangerous. #Iranelection
2009-06-24 20:52:36	http://twitter.com/kiidswiper	@Ze3ky yea thas wht these teenagers R talkin about 4 lunch dher tryna convince me tht its good.. if I was pregos I would've ben receptive
2009-06-11 17:53:21	http://twitter.com/prettyzombiegrl	@lovebuckeyes ohhh! off to read!
2009-06-26 02:54:24	http://twitter.com/christistring	This just in: Due to the fact that micheal jackson is 99% plastic, he will be melted down into lego blocks so little kids can play with him.
2009-06-27 21:54:59	http://twitter.com/travisparman	Transformers 2 Sunday! Join us 4 Gay Day @ the Movies. Discount tix only $12@ ArcLight http://ow.ly/fZm8 #GAY #LGBT #LosAngeles
2009-06-25 22:23:03	http://twitter.com/whitsundays	@sandieb321 Looks really good Sandie.I wouldn't turn it down.Get out of that place you are in,you will be a new person :-)
2009-06-22 22:50:57	http://twitter.com/therealstarkid	people get familiar wit "DONT GET IT TWISTED" TOUR anywhere u see @skcrew @iamdjjahyant @therealmaxwell
2009-06-29 15:19:06	http://twitter.com/albosson	Foot - L1 - Nancy - Une reprise en sureffectif: Les joueurs de Nancy ont participé lundi matin au traditionnel f.. http://removed.com/b5Oor
2009-06-16 06:27:42	http://twitter.com/parastoo	Mousavi won't attend his supporters' demonstration today, GhalamNews says. http://ghalamnews.org/news-21138.aspx #IranElection
2009-06-23 09:00:02	http://twitter.com/time_in_iran	The time in Iran is now... 1:30 PM, Tue Jun 23 (what this is: http://removed.com/UhBWa ) #IranElection #gr88 #neda
2009-06-20 01:04:09	http://twitter.com/nhl_playoffs	@jack Oh Where Oh Where Is The Stanley Cup . . . « Stacy ON Sports http://removed.com/ZfPnW
2009-06-27 00:32:02	http://twitter.com/dirtybird34	So there I was @Ze3ky, punctuating before the Sanhedrin.
2009-06-16 22:48:28	http://twitter.com/lauderdaleagent	I'm feelin' ya, dude. RT @MarkLaymon: Got to love Florida weather, lightning nuked the AC...
2009-06-30 20:51:34	http://twitter.com/glodowg	RT @kristibowers: Our /// the insite is astounding!
2009-06-14 03:37:33	http://twitter.com/ritahensley	@laf9er you know we all have to make compromises sometimes. Lol
2009-06-25 11:37:25	http://twitter.com/anniegirl85	@jack says suggest ka ng song. dali! :| http://plurk.com/p/13ulq9
2009-06-25 19:21:58	http://twitter.com/thomascoe	Epic fail. Look beneath the picture http://tinyurl.com/mx2bpa
2009-06-25 03:03:25	http://twitter.com/oaktiles	Mockup in final location so can adjust paper mockup to fit space "right". Admit it is a gut design decision. http://tinyurl.com/nu7gbf
2009-06-20 18:39:56	http://twitter.com/wendyrodrigez	Improve Your Conversion Rates - Understanding the Success and Failure Factors - http://5283f.easyurl.net
2009-06-16 18:45:19	http://twitter.com/gieger	High-Altitude Wind Machines Could Power New York City http://removed.com/yMkwJ
2009-06-28 22:09:23	http://twitter.com/erik_manning	@jamesmoran link for show http://removed.com/19gzE9
